{
    "number_of_keys":53,
    "keys":["l200-p06-r000-cal-20230611T174328Z", 
            "l200-p06-r000-cal-20230611T193947Z",
            "l200-p06-r000-cal-20230611T195858Z",
            "l200-p06-r000-cal-20230611T215652Z"],
    "info":{
        "source_positions":{
            "pos1":{
                "keys":["l200-p06-r000-cal-20230611T174328Z", 
                        "l200-p06-r000-cal-20230611T193947Z"],
                "positions_in_mm":{
                    "SIS1":8300,
                    "SIS2":8890,
                    "SIS3":8300
                }
            },
            "pos2":{
                "keys":["l200-p06-r000-cal-20230611T195858Z",
                        "l200-p06-r000-cal-20230611T215652Z"],
                "positions_in_mm":{
                    "SIS1":8890,
                    "SIS2":8300,
                    "SIS3":8890
                }
            }
        }
    }
}