{
    "number_of_keys":111,
    "keys":["l200-p06-r008-cal-20230728T201530Z", 
            "l200-p06-r008-cal-20230728T231505Z",
            "l200-p06-r008-cal-20230728T233703Z",
            "l200-p06-r008-cal-20230729T024238Z",
            "l200-p06-r008-cal-20230729T024820Z",
            "l200-p06-r008-cal-20230729T045732Z"],
    "info":{
        "source_positions":{
            "pos1":{
                "keys":["l200-p06-r008-cal-20230728T201530Z", 
                        "l200-p06-r008-cal-20230728T231505Z"],
                "positions_in_mm":{
                    "SIS1":8300,
                    "SIS2":8300,
                    "SIS3":8300
                }
            },
            "pos2":{
                "keys":["l200-p06-r008-cal-20230728T233703Z",
                        "l200-p06-r008-cal-20230729T024238Z"],
                "positions_in_mm":{
                    "SIS1":8500,
                    "SIS2":8500,
                    "SIS3":8500
                }
            },
            "pos3":{
                "keys":["l200-p06-r008-cal-20230729T024820Z",
                        "l200-p06-r008-cal-20230729T045732Z"],
                "positions_in_mm":{
                    "SIS1":8600,
                    "SIS2":8600,
                    "SIS3":8600
                }
            }
        }
    }
}