{
    "number_of_keys":52,
    "keys":["l200-p06-r004-cal-20230710T103450Z", 
            "l200-p06-r004-cal-20230710T123413Z",
            "l200-p06-r004-cal-20230710T125044Z",
            "l200-p06-r004-cal-20230710T144642Z"],
    "info":{
        "source_positions":{
            "pos1":{
                "keys":["l200-p06-r004-cal-20230710T103450Z", 
                        "l200-p06-r004-cal-20230710T123413Z"],
                "positions_in_mm":{
                    "SIS1":8300,
                    "SIS2":8890,
                    "SIS3":8300
                }
            },
            "pos2":{
                "keys":["l200-p06-r004-cal-20230710T125044Z",
                        "l200-p06-r004-cal-20230710T144642Z"],
                "positions_in_mm":{
                    "SIS1":8890,
                    "SIS2":8300,
                    "SIS3":8890
                }
            }
        }
    }
}