{
    "number_of_keys":57,
    "keys":["l200-p06-r002-cal-20230626T165657Z", 
            "l200-p06-r002-cal-20230626T191257Z",
            "l200-p06-r002-cal-20230626T192504Z",
            "l200-p06-r002-cal-20230626T212432Z"],
    "info":{
        "source_positions":{
            "pos1":{
                "keys":["l200-p06-r002-cal-20230626T165657Z", 
                        "l200-p06-r002-cal-20230626T191257Z"],
                "positions_in_mm":{
                    "SIS1":8300,
                    "SIS2":8890,
                    "SIS3":8300
                }
            },
            "pos2":{
                "keys":["l200-p06-r002-cal-20230626T192504Z",
                        "l200-p06-r002-cal-20230626T212432Z"],
                "positions_in_mm":{
                    "SIS1":8890,
                    "SIS2":8300,
                    "SIS3":8890
                }
            }
        }
    }
}