{
    "number_of_keys":52,
    "keys":["l200-p06-r005-cal-20230717T130655Z", 
            "l200-p06-r005-cal-20230717T150329Z",
            "l200-p06-r005-cal-20230717T152337Z",
            "l200-p06-r005-cal-20230717T172051Z"],
    "info":{
        "source_positions":{
            "pos1":{
                "keys":["l200-p06-r005-cal-20230717T130655Z", 
                        "l200-p06-r005-cal-20230717T150329Z"],
                "positions_in_mm":{
                    "SIS1":8300,
                    "SIS2":8890,
                    "SIS3":8300
                }
            },
            "pos2":{
                "keys":["l200-p06-r005-cal-20230717T152337Z",
                        "l200-p06-r005-cal-20230717T172051Z"],
                "positions_in_mm":{
                    "SIS1":8890,
                    "SIS2":8300,
                    "SIS3":8890
                }
            }
        }
    }
}