{
    "number_of_keys":53,
    "keys":["l200-p06-r000-cal-20230619T134311Z", 
            "l200-p06-r000-cal-20230619T154020Z",
            "l200-p06-r000-cal-20230619T160021Z",
            "l200-p06-r000-cal-20230619T175910Z"],
    "info":{
        "source_positions":{
            "pos1":{
                "keys":["l200-p06-r000-cal-20230619T134311Z", 
                        "l200-p06-r000-cal-20230619T154020Z"],
                "positions_in_mm":{
                    "SIS1":8300,
                    "SIS2":8890,
                    "SIS3":8300
                }
            },
            "pos2":{
                "keys":["l200-p06-r000-cal-20230619T160021Z",
                        "l200-p06-r000-cal-20230619T175910Z"],
                "positions_in_mm":{
                    "SIS1":8890,
                    "SIS2":8300,
                    "SIS3":8890
                }
            }
        }
    }
}