{
    "number_of_keys":58,
    "keys":["l200-p09-r006-cal-20240218T163814Z", 
            "l200-p09-r006-cal-20240218T192251Z",
            "l200-p09-r006-cal-20240218T194105Z",
            "l200-p09-r006-cal-20240218T222247Z"],
    "info":{
        "source_positions":{
            "pos1":{
                "keys":["l200-p09-r006-cal-20240218T163814Z", 
                        "l200-p09-r006-cal-20240218T192251Z"],
                "positions_in_mm":{
                    "SIS1":8300,
                    "SIS2":8890,
                    "SIS3":8300
                }
            },
            "pos2":{
                "keys":["l200-p09-r006-cal-20240218T194105Z",
                        "l200-p09-r006-cal-20240218T222247Z"],
                "positions_in_mm":{
                    "SIS1":8890,
                    "SIS2":8300,
                    "SIS3":8890
                }
            }
        }
    }
}