{
    "number_of_keys":53,
    "keys":["l200-p09-r005-cal-20240212T150814Z", 
            "l200-p09-r005-cal-20240212T173510Z",
            "l200-p09-r005-cal-20240212T175920Z",
            "l200-p09-r005-cal-20240212T202842Z"],
    "info":{
        "source_positions":{
            "pos1":{
                "keys":["l200-p09-r005-cal-20240212T150814Z", 
                        "l200-p09-r005-cal-20240212T173510Z"],
                "positions_in_mm":{
                    "SIS1":8300,
                    "SIS2":8890,
                    "SIS3":8300
                }
            },
            "pos2":{
                "keys":["l200-p09-r005-cal-20240212T175920Z",
                        "l200-p09-r005-cal-20240212T202842Z"],
                "positions_in_mm":{
                    "SIS1":8890,
                    "SIS2":8300,
                    "SIS3":8890
                }
            }
        }
    }
}