{
    "number_of_keys":59,
    "keys":["l200-p09-r003-cal-20240129T155745Z", 
            "l200-p09-r003-cal-20240129T182910Z",
            "l200-p09-r003-cal-20240129T184650Z",
            "l200-p09-r003-cal-20240129T212953Z"],
    "info":{
        "source_positions":{
            "pos1":{
                "keys":["l200-p09-r003-cal-20240129T155745Z", 
                        "l200-p09-r003-cal-20240129T182910Z"],
                "positions_in_mm":{
                    "SIS1":8300,
                    "SIS2":8890,
                    "SIS3":8300
                }
            },
            "pos2":{
                "keys":["l200-p09-r003-cal-20240129T184650Z",
                        "l200-p09-r003-cal-20240129T212953Z"],
                "positions_in_mm":{
                    "SIS1":8890,
                    "SIS2":8300,
                    "SIS3":8890
                }
            }
        }
    }
}