{
    "number_of_keys":54,
    "keys":["l200-p09-r004-cal-20240205T154037Z", 
            "l200-p09-r004-cal-20240205T182136Z",
            "l200-p09-r004-cal-20240205T182742Z",
            "l200-p09-r004-cal-20240205T205657Z"],
    "info":{
        "source_positions":{
            "pos1":{
                "keys":["l200-p09-r004-cal-20240205T154037Z", 
                        "l200-p09-r004-cal-20240205T182136Z"],
                "positions_in_mm":{
                    "SIS1":8300,
                    "SIS2":8890,
                    "SIS3":8300
                }
            },
            "pos2":{
                "keys":["l200-p09-r004-cal-20240205T182742Z",
                        "l200-p09-r004-cal-20240205T205657Z"],
                "positions_in_mm":{
                    "SIS1":8890,
                    "SIS2":8300,
                    "SIS3":8890
                }
            }
        }
    }
}