{
    "number_of_keys":56,
    "keys":["l200-p09-r001-cal-20240117T195221Z", 
            "l200-p09-r001-cal-20240117T222739Z",
            "l200-p09-r001-cal-20240117T225108Z",
            "l200-p09-r001-cal-20240118T012251Z"],
    "info":{
        "source_positions":{
            "pos1":{
                "keys":["l200-p09-r001-cal-20240117T195221Z", 
                        "l200-p09-r001-cal-20240117T222739Z"],
                "positions_in_mm":{
                    "SIS1":8300,
                    "SIS2":8890,
                    "SIS3":8300
                }
            },
            "pos2":{
                "keys":["l200-p09-r001-cal-20240117T225108Z",
                        "l200-p09-r001-cal-20240118T012251Z"],
                "positions_in_mm":{
                    "SIS1":8890,
                    "SIS2":8300,
                    "SIS3":8890
                }
            }
        }
    }
}