{
    "number_of_keys":54,
    "keys":["l200-p09-r002-cal-20240123T155331Z", 
            "l200-p09-r002-cal-20240123T182252Z",
            "l200-p09-r002-cal-20240123T184547Z",
            "l200-p09-r002-cal-20240123T211204Z"],
    "info":{
        "source_positions":{
            "pos1":{
                "keys":["l200-p09-r002-cal-20240123T155331Z", 
                        "l200-p09-r002-cal-20240123T182252Z"],
                "positions_in_mm":{
                    "SIS1":8300,
                    "SIS2":8890,
                    "SIS3":8300
                }
            },
            "pos2":{
                "keys":["l200-p09-r002-cal-20240123T184547Z",
                        "l200-p09-r002-cal-20240123T211204Z"],
                "positions_in_mm":{
                    "SIS1":8890,
                    "SIS2":8300,
                    "SIS3":8890
                }
            }
        }
    }
}