{
    "number_of_keys":54,
    "keys":["l200-p09-r000-cal-20240110T233711Z", 
            "l200-p09-r000-cal-20240111T020606Z",
            "l200-p09-r000-cal-20240111T022405Z",
            "l200-p09-r000-cal-20240111T044956Z"],
    "info":{
        "source_positions":{
            "pos1":{
                "keys":["l200-p09-r000-cal-20240110T233711Z", 
                        "l200-p09-r000-cal-20240111T020606Z"],
                "positions_in_mm":{
                    "SIS1":8300,
                    "SIS2":8890,
                    "SIS3":8300
                }
            },
            "pos2":{
                "keys":["l200-p09-r000-cal-20240111T022405Z",
                        "l200-p09-r000-cal-20240111T044956Z"],
                "positions_in_mm":{
                    "SIS1":8890,
                    "SIS2":8300,
                    "SIS3":8890
                }
            }
        }
    }
}