{
    "number_of_keys":48,
    "keys":["l200-p08-r002-cal-20231016T104234Z", 
            "l200-p08-r002-cal-20231016T124438Z",
            "l200-p08-r002-cal-20231016T130243Z",
            "l200-p08-r002-cal-20231016T150126Z"],
    "info":{
        "source_positions":{
            "pos1":{
                "keys":["l200-p08-r002-cal-20231016T104234Z", 
                        "l200-p08-r002-cal-20231016T124438Z"],
                "positions_in_mm":{
                    "SIS1":8300,
                    "SIS2":8890,
                    "SIS3":8300
                }
            },
            "pos2":{
                "keys":["l200-p08-r002-cal-20231016T130243Z",
                        "l200-p08-r002-cal-20231016T150126Z"],
                "positions_in_mm":{
                    "SIS1":8890,
                    "SIS2":8300,
                    "SIS3":8890
                }
            }
        }
    }
}