{
    "number_of_keys":53,
    "keys":["l200-p08-r008-cal-20231120T123543Z", 
            "l200-p08-r008-cal-20231120T145304Z",
            "l200-p08-r008-cal-20231120T152336Z",
            "l200-p08-r008-cal-20231120T174214Z"],
    "info":{
        "source_positions":{
            "pos1":{
                "keys":["l200-p08-r008-cal-20231120T123543Z", 
                        "l200-p08-r008-cal-20231120T145304Z"],
                "positions_in_mm":{
                    "SIS1":8300,
                    "SIS2":8890,
                    "SIS3":8300
                }
            },
            "pos2":{
                "keys":["l200-p08-r008-cal-20231120T152336Z",
                        "l200-p08-r008-cal-20231120T174214Z"],
                "positions_in_mm":{
                    "SIS1":8890,
                    "SIS2":8300,
                    "SIS3":8890
                }
            }
        }
    }
}