{
    "number_of_keys":54,
    "keys":["l200-p08-r003-cal-20231023T123910Z", 
            "l200-p08-r003-cal-20231023T150346Z",
            "l200-p08-r003-cal-20231023T151623Z",
            "l200-p08-r003-cal-20231023T173537Z"],
    "info":{
        "source_positions":{
            "pos1":{
                "keys":["l200-p08-r003-cal-20231023T123910Z", 
                        "l200-p08-r003-cal-20231023T150346Z"],
                "positions_in_mm":{
                    "SIS1":8300,
                    "SIS2":8890,
                    "SIS3":8300
                }
            },
            "pos2":{
                "keys":["l200-p08-r003-cal-20231023T151623Z",
                        "l200-p08-r003-cal-20231023T173537Z"],
                "positions_in_mm":{
                    "SIS1":8890,
                    "SIS2":8300,
                    "SIS3":8890
                }
            }
        }
    }
}