{
    "number_of_keys":54,
    "keys":["l200-p08-r007-cal-20231114T003311Z", 
            "l200-p08-r007-cal-20231114T025400Z",
            "l200-p08-r007-cal-20231114T025826Z",
            "l200-p08-r007-cal-20231114T051642Z"],
    "info":{
        "source_positions":{
            "pos1":{
                "keys":["l200-p08-r007-cal-20231114T003311Z", 
                        "l200-p08-r007-cal-20231114T025400Z"],
                "positions_in_mm":{
                    "SIS1":8300,
                    "SIS2":8890,
                    "SIS3":8300
                }
            },
            "pos2":{
                "keys":["l200-p08-r007-cal-20231114T025826Z",
                        "l200-p08-r007-cal-20231114T051642Z"],
                "positions_in_mm":{
                    "SIS1":8890,
                    "SIS2":8300,
                    "SIS3":8890
                }
            }
        }
    }
}