{
    "number_of_keys":53,
    "keys":["l200-p08-r010-cal-20231205T225137Z", 
            "l200-p08-r010-cal-20231205T010419Z",
            "l200-p08-r010-cal-20231205T011404Z",
            "l200-p08-r010-cal-20231205T033418Z"],
    "info":{
        "source_positions":{
            "pos1":{
                "keys":["l200-p08-r010-cal-20231205T225137Z", 
                        "l200-p08-r010-cal-20231205T010419Z"],
                "positions_in_mm":{
                    "SIS1":8300,
                    "SIS2":8890,
                    "SIS3":8300
                }
            },
            "pos2":{
                "keys":["l200-p08-r010-cal-20231205T011404Z",
                        "l200-p08-r010-cal-20231205T033418Z"],
                "positions_in_mm":{
                    "SIS1":8890,
                    "SIS2":8300,
                    "SIS3":8890
                }
            }
        }
    }
}