{
    "number_of_keys":55,
    "keys":["l200-p08-r015-cal-20240107T130201Z", 
            "l200-p08-r015-cal-20240107T151830Z",
            "l200-p08-r015-cal-20240107T154059Z",
            "l200-p08-r015-cal-20240107T182246Z"],
    "info":{
        "source_positions":{
            "pos1":{
                "keys":["l200-p08-r015-cal-20240107T130201Z", 
                        "l200-p08-r015-cal-20240107T151830Z"],
                "positions_in_mm":{
                    "SIS1":8300,
                    "SIS2":8890,
                    "SIS3":8300
                }
            },
            "pos2":{
                "keys":["l200-p08-r015-cal-20240107T154059Z",
                        "l200-p08-r015-cal-20240107T182246Z"],
                "positions_in_mm":{
                    "SIS1":8890,
                    "SIS2":8300,
                    "SIS3":8890
                }
            }
        }
    }
}