{
    "number_of_keys":54,
    "keys":["l200-p08-r011-cal-20231211T164032Z", 
            "l200-p08-r011-cal-20231211T190452Z",
            "l200-p08-r011-cal-20231211T192124Z",
            "l200-p08-r011-cal-20231211T214307Z"],
    "info":{
        "source_positions":{
            "pos1":{
                "keys":["l200-p08-r011-cal-20231211T164032Z", 
                        "l200-p08-r011-cal-20231211T190452Z"],
                "positions_in_mm":{
                    "SIS1":8300,
                    "SIS2":8890,
                    "SIS3":8300
                }
            },
            "pos2":{
                "keys":["l200-p08-r011-cal-20231211T192124Z",
                        "l200-p08-r011-cal-20231211T214307Z"],
                "positions_in_mm":{
                    "SIS1":8890,
                    "SIS2":8300,
                    "SIS3":8890
                }
            }
        }
    }
}