{
    "number_of_keys":60,
    "keys":["l200-p08-r004-cal-20231030T123559Z", 
            "l200-p08-r004-cal-20231030T145504Z",
            "l200-p08-r004-cal-20231030T151443Z",
            "l200-p08-r004-cal-20231030T180421Z"],
    "info":{
        "source_positions":{
            "pos1":{
                "keys":["l200-p08-r004-cal-20231030T123559Z", 
                        "l200-p08-r004-cal-20231030T145504Z"],
                "positions_in_mm":{
                    "SIS1":8300,
                    "SIS2":8890,
                    "SIS3":8300
                }
            },
            "pos2":{
                "keys":["l200-p08-r004-cal-20231030T151443Z",
                        "l200-p08-r004-cal-20231030T180421Z"],
                "positions_in_mm":{
                    "SIS1":8890,
                    "SIS2":8300,
                    "SIS3":8890
                }
            }
        }
    }
}