{
    "number_of_keys":55,
    "keys":["l200-p08-r005-cal-20231106T105702Z", 
            "l200-p08-r005-cal-20231106T131735Z",
            "l200-p08-r005-cal-20231106T133425Z",
            "l200-p08-r005-cal-20231106T155716Z"],
    "info":{
        "source_positions":{
            "pos1":{
                "keys":["l200-p08-r005-cal-20231106T105702Z", 
                        "l200-p08-r005-cal-20231106T131735Z"],
                "positions_in_mm":{
                    "SIS1":8300,
                    "SIS2":8890,
                    "SIS3":8300
                }
            },
            "pos2":{
                "keys":["l200-p08-r005-cal-20231106T133425Z",
                        "l200-p08-r005-cal-20231106T155716Z"],
                "positions_in_mm":{
                    "SIS1":8890,
                    "SIS2":8300,
                    "SIS3":8890
                }
            }
        }
    }
}