{
    "number_of_keys":59,
    "keys":["l200-p08-r016-cal-20240109T221312Z", 
            "l200-p08-r016-cal-20240110T002541Z",
            "l200-p08-r016-cal-20240110T003148Z",
            "l200-p08-r016-cal-20240110T013544Z",
            "l200-p08-r016-cal-20240110T014318Z",
            "l200-p08-r016-cal-20240110T034243Z"],
    "info":{
        "source_positions":{
            "pos1":{
                "keys":["l200-p08-r016-cal-20240109T221312Z", 
                        "l200-p08-r016-cal-20240110T002541Z"],
                "positions_in_mm":{
                    "SIS1":8300,
                    "SIS2":8890,
                    "SIS3":8300
                }
            },
            "pos2":{
                "keys":["l200-p08-r016-cal-20240110T003148Z",
                        "l200-p08-r016-cal-20240110T013544Z"],
                "positions_in_mm":{
                    "SIS1":8550,
                    "SIS2":8550,
                    "SIS3":8550
                }
            },
            "pos3":{
                "keys":["l200-p08-r016-cal-20240110T014318Z",
                        "l200-p08-r016-cal-20240110T034243Z"],
                "positions_in_mm":{
                    "SIS1":8890,
                    "SIS2":8300,
                    "SIS3":8890
                }
            }
        }
    }
}