{
    "number_of_keys":47,
    "keys":["l200-p08-r001-cal-20231009T120037Z", 
            "l200-p08-r001-cal-20231009T135719Z",
            "l200-p08-r001-cal-20231009T141640Z",
            "l200-p08-r001-cal-20231009T161418Z"],
    "info":{
        "source_positions":{
            "pos1":{
                "keys":["l200-p08-r001-cal-20231009T120037Z", 
                        "l200-p08-r001-cal-20231009T135719Z"],
                "positions_in_mm":{
                    "SIS1":8300,
                    "SIS2":8890,
                    "SIS3":8300
                }
            },
            "pos2":{
                "keys":["l200-p08-r001-cal-20231009T141640Z",
                        "l200-p08-r001-cal-20231009T161418Z"],
                "positions_in_mm":{
                    "SIS1":8890,
                    "SIS2":8300,
                    "SIS3":8890
                }
            }
        }
    }
}