{
    "number_of_keys":56,
    "keys":["l200-p08-r012-cal-20231218T151056Z", 
            "l200-p08-r012-cal-20231218T174111Z",
            "l200-p08-r012-cal-20231218T175655Z",
            "l200-p08-r012-cal-20231218T202445Z"],
    "info":{
        "source_positions":{
            "pos1":{
                "keys":["l200-p08-r012-cal-20231218T151056Z", 
                        "l200-p08-r012-cal-20231218T174111Z"],
                "positions_in_mm":{
                    "SIS1":8300,
                    "SIS2":8890,
                    "SIS3":8300
                }
            },
            "pos2":{
                "keys":["l200-p08-r012-cal-20231218T175655Z",
                        "l200-p08-r012-cal-20231218T202445Z"],
                "positions_in_mm":{
                    "SIS1":8890,
                    "SIS2":8300,
                    "SIS3":8890
                }
            }
        }
    }
}