{
    "number_of_keys":46,
    "keys":["l200-p08-r000-cal-20231002T224302Z", 
            "l200-p08-r000-cal-20231003T004127Z",
            "l200-p08-r000-cal-20231003T010000Z",
            "l200-p08-r000-cal-20231003T025932Z"],
    "info":{
        "source_positions":{
            "pos1":{
                "keys":["l200-p08-r000-cal-20231002T224302Z", 
                        "l200-p08-r000-cal-20231003T004127Z"],
                "positions_in_mm":{
                    "SIS1":8300,
                    "SIS2":8890,
                    "SIS3":8300
                }
            },
            "pos2":{
                "keys":["l200-p08-r000-cal-20231003T010000Z",
                        "l200-p08-r000-cal-20231003T025932Z"],
                "positions_in_mm":{
                    "SIS1":8890,
                    "SIS2":8300,
                    "SIS3":8890
                }
            }
        }
    }
}