{
    "number_of_keys":55,
    "keys":["l200-p08-r014-cal-20240101T164806Z", 
            "l200-p08-r014-cal-20240101T191514Z",
            "l200-p08-r014-cal-20240101T193452Z",
            "l200-p08-r014-cal-20240101T220427Z"],
    "info":{
        "source_positions":{
            "pos1":{
                "keys":["l200-p08-r014-cal-20240101T164806Z", 
                        "l200-p08-r014-cal-20240101T191514Z"],
                "positions_in_mm":{
                    "SIS1":8300,
                    "SIS2":8890,
                    "SIS3":8300
                }
            },
            "pos2":{
                "keys":["l200-p08-r014-cal-20240101T193452Z ",
                        "l200-p08-r014-cal-20240101T220427Z"],
                "positions_in_mm":{
                    "SIS1":8890,
                    "SIS2":8300,
                    "SIS3":8890
                }
            }
        }
    }
}