{
    "number_of_keys":52
    ,
    "keys":["l200-p07-r002-cal-20230814T101816Z", 
            "l200-p07-r002-cal-20230814T121739Z",
            "l200-p07-r002-cal-20230814T123307Z",
            "l200-p07-r002-cal-20230814T143932Z"],
    "info":{
        "source_positions":{
            "pos1":{
                "keys":["l200-p07-r002-cal-20230814T101816Z", 
                        "l200-p07-r002-cal-20230814T121739Z"],
                "positions_in_mm":{
                    "SIS1":8300,
                    "SIS2":8890,
                    "SIS3":8300
                }
            },
            "pos2":{
                "keys":["l200-p07-r002-cal-20230814T123307Z",
                        "l200-p07-r002-cal-20230814T143932Z"],
                "positions_in_mm":{
                    "SIS1":8890,
                    "SIS2":8300,
                    "SIS3":8890
                }
            }
        }
    }
}