{
    "number_of_keys":53,
    "keys":["l200-p07-r000-cal-20230731T115407Z", 
            "l200-p07-r000-cal-20230731T140211Z",
            "l200-p07-r000-cal-20230731T141716Z",
            "l200-p07-r000-cal-20230731T162137Z"],
    "info":{
        "source_positions":{
            "pos1":{
                "keys":["l200-p07-r000-cal-20230731T115407Z", 
                        "l200-p07-r000-cal-20230731T140211Z"],
                "positions_in_mm":{
                    "SIS1":8300,
                    "SIS2":8890,
                    "SIS3":8300
                }
            },
            "pos2":{
                "keys":["l200-p07-r000-cal-20230731T141716Z",
                        "l200-p07-r000-cal-20230731T162137Z"],
                "positions_in_mm":{
                    "SIS1":8890,
                    "SIS2":8300,
                    "SIS3":8890
                }
            }
        }
    }
}