{
    "number_of_keys":50,
    "keys":["l200-p07-r008-cal-20230925T080300Z", 
            "l200-p07-r008-cal-20230925T100217Z",
            "l200-p07-r008-cal-20230925T101826Z",
            "l200-p07-r008-cal-20230925T122356Z"],
    "info":{
        "source_positions":{
            "pos1":{
                "keys":["l200-p07-r008-cal-20230925T080300Z", 
                        "l200-p07-r008-cal-20230925T100217Z"],
                "positions_in_mm":{
                    "SIS1":8300,
                    "SIS2":8890,
                    "SIS3":8300
                }
            },
            "pos2":{
                "keys":["l200-p07-r008-cal-20230925T101826Z",
                        "l200-p07-r008-cal-20230925T122356Z"],
                "positions_in_mm":{
                    "SIS1":8890,
                    "SIS2":8300,
                    "SIS3":8890
                }
            }
        }
    }
}