{
    "number_of_keys":50,
    "keys":["l200-p07-r006-cal-20230911T124633Z", 
            "l200-p07-r006-cal-20230911T144421Z",
            "l200-p07-r006-cal-20230911T150211Z ",
            "l200-p07-r006-cal-20230911T170559Z"],
    "info":{
        "source_positions":{
            "pos1":{
                "keys":["l200-p07-r006-cal-20230911T124633Z", 
                        "l200-p07-r006-cal-20230911T144421Z"],
                "positions_in_mm":{
                    "SIS1":8300,
                    "SIS2":8890,
                    "SIS3":8300
                }
            },
            "pos2":{
                "keys":["l200-p07-r006-cal-20230911T150211Z ",
                        "l200-p07-r006-cal-20230911T170559Z"],
                "positions_in_mm":{
                    "SIS1":8890,
                    "SIS2":8300,
                    "SIS3":8890
                }
            }
        }
    }
}