{
    "number_of_keys":51,
    "keys":["l200-p07-r001-cal-20230807T130256Z", 
            "l200-p07-r001-cal-20230807T154628Z",
            "l200-p07-r001-cal-20230807T161327Z",
            "l200-p07-r001-cal-20230807T180909Z"],
    "info":{
        "source_positions":{
            "pos1":{
                "keys":["l200-p07-r001-cal-20230807T130256Z", 
                        "l200-p07-r001-cal-20230807T154628Z"],
                "positions_in_mm":{
                    "SIS1":8300,
                    "SIS2":8890,
                    "SIS3":8300
                }
            },
            "pos2":{
                "keys":["l200-p07-r001-cal-20230807T161327Z",
                        "l200-p07-r001-cal-20230807T180909Z"],
                "positions_in_mm":{
                    "SIS1":8890,
                    "SIS2":8300,
                    "SIS3":8890
                }
            }
        }
    }
}