{
    "number_of_keys":47,
    "keys":["l200-p07-r007-cal-20230918T141158Z", 
            "l200-p07-r007-cal-20230918T161030Z",
            "l200-p07-r007-cal-20230918T163508Z",
            "l200-p07-r007-cal-20230918T183522Z"],
    "info":{
        "source_positions":{
            "pos1":{
                "keys":["l200-p07-r007-cal-20230918T141158Z", 
                        "l200-p07-r007-cal-20230918T161030Z"],
                "positions_in_mm":{
                    "SIS1":8300,
                    "SIS2":8890,
                    "SIS3":8300
                }
            },
            "pos2":{
                "keys":["l200-p07-r007-cal-20230918T163508Z",
                        "l200-p07-r007-cal-20230918T183522Z"],
                "positions_in_mm":{
                    "SIS1":8890,
                    "SIS2":8300,
                    "SIS3":8890
                }
            }
        }
    }
}