{
    "number_of_keys":50,
    "keys":["l200-p07-r003-cal-20230821T123942Z", 
            "l200-p07-r003-cal-20230821T143531Z",
            "l200-p07-r003-cal-20230821T145418Z",
            "l200-p07-r003-cal-20230821T165555Z"],
    "info":{
        "source_positions":{
            "pos1":{
                "keys":["l200-p07-r003-cal-20230821T123942Z", 
                        "l200-p07-r003-cal-20230821T143531Z"],
                "positions_in_mm":{
                    "SIS1":8300,
                    "SIS2":8890,
                    "SIS3":8300
                }
            },
            "pos2":{
                "keys":["l200-p07-r003-cal-20230821T145418Z",
                        "l200-p07-r003-cal-20230821T165555Z"],
                "positions_in_mm":{
                    "SIS1":8890,
                    "SIS2":8300,
                    "SIS3":8890
                }
            }
        }
    }
}