{
    "number_of_keys":50,
    "keys":["l200-p07-r005-cal-20230904T134332Z", 
            "l200-p07-r005-cal-20230904T154429Z",
            "l200-p07-r005-cal-20230904T161100Z",
            "l200-p07-r005-cal-20230904T180902Z"],
    "info":{
        "source_positions":{
            "pos1":{
                "keys":["l200-p07-r005-cal-20230904T134332Z", 
                        "l200-p07-r005-cal-20230904T154429Z"],
                "positions_in_mm":{
                    "SIS1":8300,
                    "SIS2":8890,
                    "SIS3":8300
                }
            },
            "pos2":{
                "keys":["l200-p07-r005-cal-20230904T161100Z",
                        "l200-p07-r005-cal-20230904T180902Z"],
                "positions_in_mm":{
                    "SIS1":8890,
                    "SIS2":8300,
                    "SIS3":8890
                }
            }
        }
    }
}