{
    "number_of_keys":47,
    "keys":["l200-p07-r009-cal-20230925T164505Z", 
            "l200-p07-r009-cal-20230925T201424Z",
            "l200-p07-r009-cal-20230925T203121Z",
            "l200-p07-r009-cal-20230925T223104Z"],
    "info":{
        "source_positions":{
            "pos1":{
                "keys":["l200-p07-r009-cal-20230925T164505Z", 
                        "l200-p07-r009-cal-20230925T201424Z"],
                "positions_in_mm":{
                    "SIS1":8300,
                    "SIS2":8890,
                    "SIS3":8300
                }
            },
            "pos2":{
                "keys":["l200-p07-r009-cal-20230925T203121Z",
                        "l200-p07-r009-cal-20230925T223104Z"],
                "positions_in_mm":{
                    "SIS1":8890,
                    "SIS2":8300,
                    "SIS3":8890
                }
            }
        }
    }
}