{
    "number_of_keys":,
    "keys":["l200-p05-r002-cal-20230522T121954Z", 
            "l200-p05-r002-cal-20230522T141848Z",
            "l200-p05-r002-cal-20230522T142712Z",
            "l200-p05-r002-cal-20230522T162351Z"],
    "info":{
        "source_positions":{
            "pos1":{
                "keys":["l200-p05-r002-cal-20230522T121954Z", 
                        "l200-p05-r002-cal-20230522T141848Z"],
                "positions_in_mm":{
                    "SIS1":8300,
                    "SIS2":8890,
                    "SIS3":8300
                }
            },
            "pos2":{
                "keys":["l200-p05-r002-cal-20230522T142712Z",
                        "l200-p05-r002-cal-20230522T162351Z"],
                "positions_in_mm":{
                    "SIS1":8890,
                    "SIS2":8300,
                    "SIS3":8890
                }
            }
        }
    }
}