{
    "number_of_keys":,
    "keys":["l200-p05-r005-cal-20230608T190223Z", 
            "l200-p05-r005-cal-20230608T205943Z",
            "l200-p05-r005-cal-20230608T212109Z",
            "l200-p05-r005-cal-20230608T231847Z"],
    "info":{
        "source_positions":{
            "pos1":{
                "keys":["l200-p05-r005-cal-20230608T190223Z", 
                        "l200-p05-r005-cal-20230608T205943Z"],
                "positions_in_mm":{
                    "SIS1":8300,
                    "SIS2":8890,
                    "SIS3":8300
                }
            },
            "pos2":{
                "keys":["l200-p05-r005-cal-20230608T212109Z",
                        "l200-p05-r005-cal-20230608T231847Z"],
                "positions_in_mm":{
                    "SIS1":8890,
                    "SIS2":8300,
                    "SIS3":8890
                }
            }
        }
    }
}