{
    "number_of_keys":,
    "keys":["l200-p05-r004-cal-20230601T175847Z", 
            "l200-p05-r004-cal-20230601T195501Z",
            "l200-p05-r004-cal-20230601T200143Z",
            "l200-p05-r004-cal-20230601T215921Z"],
    "info":{
        "source_positions":{
            "pos1":{
                "keys":["l200-p05-r004-cal-20230601T175847Z", 
                        "l200-p05-r004-cal-20230601T195501Z"],
                "positions_in_mm":{
                    "SIS1":8300,
                    "SIS2":8890,
                    "SIS3":8300
                }
            },
            "pos2":{
                "keys":["l200-p05-r004-cal-20230601T200143Z",
                        "l200-p05-r004-cal-20230601T215921Z"],
                "positions_in_mm":{
                    "SIS1":8890,
                    "SIS2":8300,
                    "SIS3":8890
                }
            }
        }
    }
}