{
    "number_of_keys":,
    "keys":["l200-p05-r000-cal-20230515T161055Z", 
            "l200-p05-r000-cal-20230515T180826Z",
            "l200-p05-r000-cal-20230515T181054Z",
            "l200-p05-r000-cal-20230515T200935Z"],
    "info":{
        "source_positions":{
            "pos1":{
                "keys":["l200-p05-r000-cal-20230515T161055Z", 
                        "l200-p05-r000-cal-20230515T180826Z"],
                "positions_in_mm":{
                    "SIS1":8300,
                    "SIS2":8890,
                    "SIS3":8300
                }
            },
            "pos2":{
                "keys":["l200-p05-r000-cal-20230515T181054Z",
                        "l200-p05-r000-cal-20230515T200935Z"],
                "positions_in_mm":{
                    "SIS1":8890,
                    "SIS2":8300,
                    "SIS3":8890
                }
            }
        }
    }
}