{
    "number_of_keys",
    "keys":["l200-p05-r001-cal-20230517T194602Z", 
            "l200-p05-r001-cal-20230517T214421Z",
            "l200-p05-r001-cal-20230517T214951Z",
            "l200-p05-r001-cal-20230517T235015Z"],
    "info":{
        "source_positions":{
            "pos1":{
                "keys":["l200-p05-r001-cal-20230517T194602Z", 
                        "l200-p05-r001-cal-20230517T214421Z"],
                "positions_in_mm":{
                    "SIS1":8300,
                    "SIS2":8890,
                    "SIS3":8300
                }
            },
            "pos2":{
                "keys":["l200-p05-r001-cal-20230517T214951Z",
                        "l200-p05-r001-cal-20230517T235015Z"],
                "positions_in_mm":{
                    "SIS1":8890,
                    "SIS2":8300,
                    "SIS3":8890
                }
            }
        }
    }
}