{
    "number_of_keys":,
    "keys":["l200-p05-r003-cal-20230527T201355Z", 
            "l200-p05-r003-cal-20230527T222632Z",
            "l200-p05-r003-cal-20230527T223148Z",
            "l200-p05-r003-cal-20230528T004214Z"],
    "info":{
        "source_positions":{
            "pos1":{
                "keys":["l200-p05-r003-cal-20230527T201355Z", 
                        "l200-p05-r003-cal-20230527T222632Z"],
                "positions_in_mm":{
                    "SIS1":8300,
                    "SIS2":8890,
                    "SIS3":8300
                }
            },
            "pos2":{
                "keys":["l200-p05-r003-cal-20230527T223148Z",
                        "l200-p05-r003-cal-20230528T004214Z"],
                "positions_in_mm":{
                    "SIS1":8890,
                    "SIS2":8300,
                    "SIS3":8890
                }
            }
        }
    }
}