{
    "number_of_keys":55,
    "keys":["l200-p10-r001-cal-20240304T134049Z", 
            "l200-p10-r001-cal-20240304T162534Z",
            "l200-p10-r001-cal-20240304T165400Z",
            "l200-p10-r001-cal-20240304T194011Z"],
    "info":{
        "source_positions":{
            "pos1":{
                "keys":["l200-p10-r001-cal-20240304T134049Z", 
                        "l200-p10-r001-cal-20240304T162534Z"],
                "positions_in_mm":{
                    "SIS1":8300,
                    "SIS2":8890,
                    "SIS3":8300
                }
            },
            "pos2":{
                "keys":["l200-p10-r001-cal-20240304T165400Z",
                        "l200-p10-r001-cal-20240304T194011Z"],
                "positions_in_mm":{
                    "SIS1":8890,
                    "SIS2":8300,
                    "SIS3":8890
                }
            }
        }
    }
}