{
    "number_of_keys":50,
    "keys":["l200-p10-r000-cal-20240226T104834Z", 
            "l200-p10-r000-cal-20240226T131336Z",
            "l200-p10-r000-cal-20240226T133419Z",
            "l200-p10-r000-cal-20240226T160925Z"],
    "info":{
        "source_positions":{
            "pos1":{
                "keys":["l200-p10-r000-cal-20240226T104834Z", 
                        "l200-p10-r000-cal-20240226T131336Z"],
                "positions_in_mm":{
                    "SIS1":8300,
                    "SIS2":8890,
                    "SIS3":8300
                }
            },
            "pos2":{
                "keys":["l200-p10-r000-cal-20240226T133419Z",
                        "l200-p10-r000-cal-20240226T160925Z"],
                "positions_in_mm":{
                    "SIS1":8890,
                    "SIS2":8300,
                    "SIS3":8890
                }
            }
        }
    }
}