{
    "number_of_keys":41,
    "keys":["l200-p10-r002-cal-20240311T111135Z", 
            "l200-p10-r002-cal-20240311T135151Z",
            "l200-p10-r002-cal-20240311T141247Z",
            "l200-p10-r002-cal-20240311T165308Z"],
    "info":{
        "source_positions":{
            "pos1":{
                "keys":["l200-p10-r002-cal-20240311T111135Z", 
                        "l200-p10-r002-cal-20240311T135151Z"],
                "positions_in_mm":{
                    "SIS1":8300,
                    "SIS2":8890,
                    "SIS3":8300
                }
            },
            "pos2":{
                "keys":["l200-p10-r002-cal-20240311T141247Z",
                        "l200-p10-r002-cal-20240311T165308Z"],
                "positions_in_mm":{
                    "SIS1":8890,
                    "SIS2":8300,
                    "SIS3":8890
                }
            }
        }
    }
}