{
    "number_of_keys":54,
    "keys":["l200-p10-r003-cal-20240312T175502Z", 
            "l200-p10-r003-cal-20240312T203947Z",
            "l200-p10-r003-cal-20240312T204509Z",
            "l200-p10-r003-cal-20240312T232459Z"],
    "info":{
        "source_positions":{
            "pos1":{
                "keys":["l200-p10-r003-cal-20240312T175502Z", 
                        "l200-p10-r003-cal-20240312T203947Z"],
                "positions_in_mm":{
                    "SIS1":8300,
                    "SIS2":8890,
                    "SIS3":8300
                }
            },
            "pos2":{
                "keys":["l200-p10-r003-cal-20240312T204509Z",
                        "l200-p10-r003-cal-20240312T232459Z"],
                "positions_in_mm":{
                    "SIS1":8890,
                    "SIS2":8300,
                    "SIS3":8890
                }
            }
        }
    }
}