{
    "number_of_keys":117,
    "keys":["l200-p03-r003-cal-20230331T161141Z", 
            "l200-p03-r003-cal-20230331T181025Z",
            "l200-p03-r003-cal-20230331T182451Z",
            "l200-p03-r003-cal-20230331T202651Z",
            "l200-p03-r003-cal-20230331T205658Z", 
            "l200-p03-r003-cal-20230331T225743Z",
            "l200-p03-r003-cal-20230331T230916Z",
            "l200-p03-r003-cal-20230401T005834Z"],
    "info":{
        "source_positions":{
            "pos1":{
                "keys":["l200-p03-r003-cal-20230331T161141Z", 
                        "l200-p03-r003-cal-20230331T181025Z"],
                "positions_in_mm":{
                    "SIS1":8300,
                    "SIS2":8890,
                    "SIS3":8300
                }
            },
            "pos2":{
                "keys":["l200-p03-r003-cal-20230331T182451Z",
                        "l200-p03-r003-cal-20230331T202651Z"],
                "positions_in_mm":{
                    "SIS1":8890,
                    "SIS2":8300,
                    "SIS3":8890
                }
            },
            "pos3":{
                "keys":["l200-p03-r003-cal-20230331T205658Z", 
                        "l200-p03-r003-cal-20230331T225743Z"],
                "positions_in_mm":{
                    "SIS1":8300,
                    "SIS2":8890,
                    "SIS3":8300
                }
            },
            "pos4":{
                "keys":["l200-p03-r003-cal-20230331T230916Z",
                        "l200-p03-r003-cal-20230401T005834Z"],
                "positions_in_mm":{
                    "SIS1":8890,
                    "SIS2":8300,
                    "SIS3":8890
                }
            }
        }
    }
}