{
    "number_of_keys":58,
    "keys":["l200-p03-r005-cal-20230412T124030Z", 
            "l200-p03-r005-cal-20230412T143834Z",
            "l200-p03-r005-cal-20230412T144359Z",
            "l200-p03-r005-cal-20230412T184337Z"],
    "info":{
        "source_positions":{
            "pos1":{
                "keys":["l200-p03-r005-cal-20230412T124030Z", 
                        "l200-p03-r005-cal-20230412T143834Z"],
                "positions_in_mm":{
                    "SIS1":8300,
                    "SIS2":8890,
                    "SIS3":8300
                }
            },
            "pos2":{
                "keys":["l200-p03-r005-cal-20230412T144359Z",
                        "l200-p03-r005-cal-20230412T184337Z"],
                "positions_in_mm":{
                    "SIS1":8890,
                    "SIS2":8300,
                    "SIS3":8890
                }
            }
        }
    }
}