{
    "number_of_keys":56,
    "keys":["l200-p03-r004-cal-20230406T192453Z", 
            "l200-p03-r004-cal-20230406T212200Z",
            "l200-p03-r004-cal-20230406T213724Z",
            "l200-p03-r004-cal-20230406T232705Z"],
    "info":{
        "source_positions":{
            "pos1":{
                "keys":["l200-p03-r004-cal-20230406T192453Z", 
                        "l200-p03-r004-cal-20230406T212200Z"],
                "positions_in_mm":{
                    "SIS1":8300,
                    "SIS2":8890,
                    "SIS3":8300
                }
            },
            "pos2":{
                "keys":["l200-p03-r004-cal-20230406T213724Z",
                        "l200-p03-r004-cal-20230406T232705Z"],
                "positions_in_mm":{
                    "SIS1":8890,
                    "SIS2":8300,
                    "SIS3":8890
                }
            }
        }
    }
}