{
    "number_of_keys":59,
    "keys":["l200-p03-r000-cal-20230311T235840Z", 
            "l200-p03-r000-cal-20230312T015832Z",
            "l200-p03-r000-cal-20230312T020330Z",
            "l200-p03-r000-cal-20230312T040457Z"],
    "info":{
        "source_positions":{
            "pos1":{
                "keys":["l200-p03-r000-cal-20230311T235840Z", 
                        "l200-p03-r000-cal-20230312T015832Z"],
                "positions_in_mm":{
                    "SIS1":8300,
                    "SIS2":8890,
                    "SIS3":8300
                }
            },
            "pos2":{
                "keys":["l200-p03-r000-cal-20230312T020330Z",
                        "l200-p03-r000-cal-20230312T040457Z"],
                "positions_in_mm":{
                    "SIS1":8890,
                    "SIS2":8300,
                    "SIS3":8890
                }
            }
        }
    }
}