{
    "number_of_keys":60,
    "keys":["l200-p03-r001-cal-20230317T211819Z", 
            "l200-p03-r001-cal-20230317T231446Z",
            "l200-p03-r001-cal-20230317T232045Z",
            "l200-p03-r001-cal-20230318T012228Z"],
    "info":{
        "source_positions":{
            "pos1":{
                "keys":["l200-p03-r001-cal-20230317T211819Z", 
                        "l200-p03-r001-cal-20230317T231446Z"],
                "positions_in_mm":{
                    "SIS1":8300,
                    "SIS2":8890,
                    "SIS3":8300
                }
            },
            "pos2":{
                "keys":["l200-p03-r001-cal-20230317T232045Z",
                        "l200-p03-r001-cal-20230318T012228Z"],
                "positions_in_mm":{
                    "SIS1":8890,
                    "SIS2":8300,
                    "SIS3":8890
                }
            }
        }
    }
}