{
    "number_of_keys":56,
    "keys":["l200-p04-r007-cal-20230512T145810Z", 
            "l200-p04-r007-cal-20230512T165706Z",
            "l200-p04-r007-cal-20230512T170047Z",
            "l200-p04-r007-cal-20230512T190043Z"],
    "info":{
        "source_positions":{
            "pos1":{
                "keys":["l200-p04-r007-cal-20230512T145810Z", 
                        "l200-p04-r007-cal-20230512T165706Z"],
                "positions_in_mm":{
                    "SIS1":8300,
                    "SIS2":8890,
                    "SIS3":8300
                }
            },
            "pos2":{
                "keys":["l200-p04-r007-cal-20230512T170047Z",
                        "l200-p04-r007-cal-20230512T190043Z"],
                "positions_in_mm":{
                    "SIS1":8890,
                    "SIS2":8300,
                    "SIS3":8890
                }
            }
        }
    }
}