{
    "number_of_keys":57,
    "keys":["l200-p04-r002-cal-20230424T135858Z", 
            "l200-p04-r002-cal-20230424T160016Z",
            "l200-p04-r002-cal-20230424T160402Z",
            "l200-p04-r002-cal-20230424T180148Z"],
    "info":{
        "source_positions":{
            "pos1":{
                "keys":["l200-p04-r002-cal-20230424T135858Z", 
                        "l200-p04-r002-cal-20230424T160016Z"],
                "positions_in_mm":{
                    "SIS1":8300,
                    "SIS2":8890,
                    "SIS3":8300
                }
            },
            "pos2":{
                "keys":["l200-p04-r002-cal-20230424T160402Z",
                        "l200-p04-r002-cal-20230424T180148Z"],
                "positions_in_mm":{
                    "SIS1":8890,
                    "SIS2":8300,
                    "SIS3":8890
                }
            }
        }
    }
}