{
    "number_of_keys":56,
    "keys":["l200-p04-r004-cal-20230503T162448Z", 
            "l200-p04-r004-cal-20230503T182322Z",
            "l200-p04-r004-cal-20230503T183526Z",
            "l200-p04-r004-cal-20230503T203716Z"],
    "info":{
        "source_positions":{
            "pos1":{
                "keys":["l200-p04-r004-cal-20230503T162448Z", 
                        "l200-p04-r004-cal-20230503T182322Z"],
                "positions_in_mm":{
                    "SIS1":8300,
                    "SIS2":8890,
                    "SIS3":8300
                }
            },
            "pos2":{
                "keys":["l200-p04-r004-cal-20230503T183526Z",
                        "l200-p04-r004-cal-20230503T203716Z"],
                "positions_in_mm":{
                    "SIS1":8890,
                    "SIS2":8300,
                    "SIS3":8890
                }
            }
        }
    }
}