{
    "number_of_keys":56,
    "keys":["l200-p04-r006-cal-20230509T101109Z", 
            "l200-p04-r006-cal-20230509T120954Z",
            "l200-p04-r006-cal-20230509T121234Z",
            "l200-p04-r006-cal-20230509T141238Z"],
    "info":{
        "source_positions":{
            "pos1":{
                "keys":["l200-p04-r006-cal-20230509T101109Z", 
                        "l200-p04-r006-cal-20230509T120954Z"],
                "positions_in_mm":{
                    "SIS1":8300,
                    "SIS2":8890,
                    "SIS3":8300
                }
            },
            "pos2":{
                "keys":["l200-p04-r006-cal-20230509T121234Z",
                        "l200-p04-r006-cal-20230509T141238Z"],
                "positions_in_mm":{
                    "SIS1":8890,
                    "SIS2":8300,
                    "SIS3":8890
                }
            }
        }
    }
}