{
    "number_of_keys":55,
    "keys":["l200-p04-r005-cal-20230503T235733Z", 
            "l200-p04-r005-cal-20230504T015546Z",
            "l200-p04-r005-cal-20230504T020048Z",
            "l200-p04-r005-cal-20230504T035532Z"],
    "info":{
        "source_positions":{
            "pos1":{
                "keys":["l200-p04-r005-cal-20230503T235733Z", 
                        "l200-p04-r005-cal-20230504T015546Z"],
                "positions_in_mm":{
                    "SIS1":8300,
                    "SIS2":8890,
                    "SIS3":8300
                }
            },
            "pos2":{
                "keys":["l200-p04-r005-cal-20230504T020048Z",
                        "l200-p04-r005-cal-20230504T035532Z"],
                "positions_in_mm":{
                    "SIS1":8890,
                    "SIS2":8300,
                    "SIS3":8890
                }
            }
        }
    }
}