{
    "number_of_keys":55,
    "keys":["l200-p04-r003-cal-20230501T161520Z", 
            "l200-p04-r003-cal-20230501T180902Z",
            "l200-p04-r003-cal-20230501T183003Z",
            "l200-p04-r003-cal-20230501T202857Z"],
    "info":{
        "source_positions":{
            "pos1":{
                "keys":["l200-p04-r003-cal-20230501T161520Z", 
                        "l200-p04-r003-cal-20230501T180902Z"],
                "positions_in_mm":{
                    "SIS1":8300,
                    "SIS2":8890,
                    "SIS3":8300
                }
            },
            "pos2":{
                "keys":["l200-p04-r003-cal-20230501T183003Z",
                        "l200-p04-r003-cal-20230501T202857Z"],
                "positions_in_mm":{
                    "SIS1":8890,
                    "SIS2":8300,
                    "SIS3":8890
                }
            }
        }
    }
}