{
    "number_of_keys":57,
    "keys":["l200-p04-r001-cal-20230421T131817Z", 
            "l200-p04-r001-cal-20230421T151513Z",
            "l200-p04-r001-cal-20230421T152104Z",
            "l200-p04-r000-cal-20230312T040457Z"],
    "info":{
        "source_positions":{
            "pos1":{
                "keys":["l200-p04-r001-cal-20230421T131817Z", 
                        "l200-p04-r001-cal-20230421T151513Z"],
                "positions_in_mm":{
                    "SIS1":8300,
                    "SIS2":8890,
                    "SIS3":8300
                }
            },
            "pos2":{
                "keys":["l200-p04-r001-cal-20230421T152104Z",
                        "l200-p04-r001-cal-20230421T171837Z"],
                "positions_in_mm":{
                    "SIS1":8890,
                    "SIS2":8300,
                    "SIS3":8890
                }
            }
        }
    }
}