{
    "number_of_keys":68,
    "keys":["l200-p04-r000-cal-20230414T215158Z", 
            "l200-p04-r000-cal-20230415T010020Z",
            "l200-p04-r000-cal-20230312T020330Z",
            "l200-p04-r000-cal-20230312T040457Z"],
    "info":{
        "source_positions":{
            "pos1":{
                "keys":["l200-p04-r000-cal-20230414T215158Z",
                        "l200-p04-r000-cal-20230415T010020Z"],
                "positions_in_mm":{
                    "SIS1":8300,
                    "SIS2":8890,
                    "SIS3":8300
                }
            },
            "pos2":{
                "keys":["l200-p04-r000-cal-20230415T010817Z",
                        "l200-p04-r000-cal-20230415T031001Z"],
                "positions_in_mm":{
                    "SIS1":8890,
                    "SIS2":8300,
                    "SIS3":8890
                }
            }
        }
    }
}